{
	"13": {
		"number": 13,
		"origin": "MKE",
		"destination": "LAX",
		"departs": "10:00 AM",
		"arrives": "12:00 PM"
	},
	"18": {
		"number": 18,
		"origin": "LAX",
		"destination": "PHX",
		"departs": "9:00 AM",
		"arrives": "9:30 AM"
	},
	"33": {
		"number": 33,
		"origin": "LAX",
		"destination": "DEN",
		"departs": "5:00 PM",
		"arrives": "8:30 PM"
	},
	"71": {
		"number": 71,
		"origin": "LAX",
		"destination": "ATL",
		"departs": "12:00 PM",
		"arrives": "7:00 PM"
	},
	"82": {
		"number": 82,
		"origin": "LAX",
		"destination": "IAH",
		"departs": "11:00 AM",
		"arrives": "4:30 PM"
	},
	"83": {
		"number": 83,
		"origin": "PHX",
		"destination": "SFO",
		"departs": "11:00 AM",
		"arrives": "12:30 PM"
	},
	"99": {
		"number": 99,
		"origin": "JFK",
		"destination": "DFW",
		"departs": "3:00 PM",
		"arrives": "5:00 PM"
	},
	"104": {
		"number": 104,
		"origin": "SFO",
		"destination": "LAX",
		"departs": "9:00 AM",
		"arrives": "10:00 AM"
	},
	"130": {
		"number": 130,
		"origin": "JFK",
		"destination": "LAX",
		"departs": "7:00 AM",
		"arrives": "9:00 AM"
	},
	"133": {
		"number": 133,
		"origin": "DFW",
		"destination": "SFO",
		"departs": "11:30 AM",
		"arrives": "12:30 PM"
	},
	"147": {
		"number": 147,
		"origin": "IAH",
		"destination": "ORD",
		"departs": "1:00 PM",
		"arrives": "3:30 PM"
	},
	"175": {
		"number": 175,
		"origin": "LAX",
		"destination": "SFO",
		"departs": "9:00 AM",
		"arrives": "10:00 AM"
	},
	"177": {
		"number": 177,
		"origin": "STL",
		"destination": "LAX",
		"departs": "4:00 PM",
		"arrives": "6:00 PM"
	},
	"182": {
		"number": 182,
		"origin": "SFO",
		"destination": "DFW",
		"departs": "10:00 AM",
		"arrives": "3:00 PM"
	},
	"206": {
		"number": 206,
		"origin": "STL",
		"destination": "MKE",
		"departs": "9:00 AM",
		"arrives": "11:00 AM"
	},
	"207": {
		"number": 207,
		"origin": "JFK",
		"destination": "PHX",
		"departs": "3:00 PM",
		"arrives": "4:30 PM"
	},
	"223": {
		"number": 223,
		"origin": "LAX",
		"destination": "JFK",
		"departs": "9:30 AM",
		"arrives": "5:30 PM"
	},
	"224": {
		"number": 224,
		"origin": "LAX",
		"destination": "BNA",
		"departs": "11:00 AM",
		"arrives": "4:30 PM"
	},
	"239": {
		"number": 239,
		"origin": "SFO",
		"destination": "PDX",
		"departs": "1:00 PM",
		"arrives": "2:00 PM"
	},
	"242": {
		"number": 242,
		"origin": "LAX",
		"destination": "DFW",
		"departs": "12:30 PM",
		"arrives": "5:30 PM"
	},
	"307": {
		"number": 307,
		"origin": "JFK",
		"destination": "IAH",
		"departs": "2:00 PM",
		"arrives": "4:30 PM"
	},
	"308": {
		"number": 308,
		"origin": "ATL",
		"destination": "JFK",
		"departs": "1:00 PM",
		"arrives": "4:00 PM"
	},
	"317": {
		"number": 317,
		"origin": "DFW",
		"destination": "JFK",
		"departs": "3:00 PM",
		"arrives": "7:00 PM"
	},
	"324": {
		"number": 324,
		"origin": "ORD",
		"destination": "LAX",
		"departs": "11:00 AM",
		"arrives": "12:00 PM"
	},
	"336": {
		"number": 336,
		"origin": "IAH",
		"destination": "LAX",
		"departs": "1:00 PM",
		"arrives": "2:00 PM"
	},
	"366": {
		"number": 366,
		"origin": "DFW",
		"destination": "MCI",
		"departs": "10:30 AM",
		"arrives": "12:00 PM"
	},
	"384": {
		"number": 384,
		"origin": "LAX",
		"destination": "LAS",
		"departs": "2:00 PM",
		"arrives": "3:00 PM"
	},
	"422": {
		"number": 422,
		"origin": "LAX",
		"destination": "MCI",
		"departs": "10:00 AM",
		"arrives": "3:00 PM"
	},
	"434": {
		"number": 434,
		"origin": "LAS",
		"destination": "JFK",
		"departs": "7:30 AM",
		"arrives": "3:30 PM"
	},
	"442": {
		"number": 442,
		"origin": "JFK",
		"destination": "LAS",
		"departs": "4:30 PM",
		"arrives": "6:30 PM"
	},
	"476": {
		"number": 476,
		"origin": "JFK",
		"destination": "ORD",
		"departs": "7:30 AM",
		"arrives": "9:00 AM"
	},
	"485": {
		"number": 485,
		"origin": "LAX",
		"destination": "PDX",
		"departs": "8:30 AM",
		"arrives": "10:30 AM"
	},
	"512": {
		"number": 512,
		"origin": "LAS",
		"destination": "LAX",
		"departs": "3:00 PM",
		"arrives": "4:00 PM"
	},
	"517": {
		"number": 517,
		"origin": "PDX",
		"destination": "LAX",
		"departs": "8:30 AM",
		"arrives": "10:30 AM"
	},
	"527": {
		"number": 527,
		"origin": "ORD",
		"destination": "IAH",
		"departs": "7:30 AM",
		"arrives": "10:00 AM"
	},
	"567": {
		"number": 567,
		"origin": "DFW",
		"destination": "DEN",
		"departs": "3:00 PM",
		"arrives": "4:00 PM"
	},
	"577": {
		"number": 577,
		"origin": "PHX",
		"destination": "LAX",
		"departs": "1:00 PM",
		"arrives": "1:30 PM"
	},
	"13": {
		"number": 13,
		"origin": "MKE",
		"destination": "LAX",
		"departs": "10:00 AM",
		"arrives": "12:00 PM"
	},
	"18": {
		"number": 18,
		"origin": "LAX",
		"destination": "PHX",
		"departs": "9:00 AM",
		"arrives": "9:30 AM"
	},
	"33": {
		"number": 33,
		"origin": "LAX",
		"destination": "DEN",
		"departs": "5:00 PM",
		"arrives": "8:30 PM"
	},
	"71": {
		"number": 71,
		"origin": "LAX",
		"destination": "ATL",
		"departs": "12:00 PM",
		"arrives": "7:00 PM"
	},
	"82": {
		"number": 82,
		"origin": "LAX",
		"destination": "IAH",
		"departs": "11:00 AM",
		"arrives": "4:30 PM"
	},
	"83": {
		"number": 83,
		"origin": "PHX",
		"destination": "SFO",
		"departs": "11:00 AM",
		"arrives": "12:30 PM"
	},
	"99": {
		"number": 99,
		"origin": "JFK",
		"destination": "DFW",
		"departs": "3:00 PM",
		"arrives": "5:00 PM"
	},
	"104": {
		"number": 104,
		"origin": "SFO",
		"destination": "LAX",
		"departs": "9:00 AM",
		"arrives": "10:00 AM"
	},
	"130": {
		"number": 130,
		"origin": "JFK",
		"destination": "LAX",
		"departs": "7:00 AM",
		"arrives": "9:00 AM"
	},
	"133": {
		"number": 133,
		"origin": "DFW",
		"destination": "SFO",
		"departs": "11:30 AM",
		"arrives": "12:30 PM"
	},
	"147": {
		"number": 147,
		"origin": "IAH",
		"destination": "ORD",
		"departs": "1:00 PM",
		"arrives": "3:30 PM"
	},
	"175": {
		"number": 175,
		"origin": "LAX",
		"destination": "SFO",
		"departs": "9:00 AM",
		"arrives": "10:00 AM"
	},
	"177": {
		"number": 177,
		"origin": "STL",
		"destination": "LAX",
		"departs": "4:00 PM",
		"arrives": "6:00 PM"
	},
	"182": {
		"number": 182,
		"origin": "SFO",
		"destination": "DFW",
		"departs": "10:00 AM",
		"arrives": "3:00 PM"
	},
	"206": {
		"number": 206,
		"origin": "STL",
		"destination": "MKE",
		"departs": "9:00 AM",
		"arrives": "11:00 AM"
	},
	"207": {
		"number": 207,
		"origin": "JFK",
		"destination": "PHX",
		"departs": "3:00 PM",
		"arrives": "4:30 PM"
	},
	"223": {
		"number": 223,
		"origin": "LAX",
		"destination": "JFK",
		"departs": "9:30 AM",
		"arrives": "5:30 PM"
	},
	"224": {
		"number": 224,
		"origin": "LAX",
		"destination": "BNA",
		"departs": "11:00 AM",
		"arrives": "4:30 PM"
	},
	"239": {
		"number": 239,
		"origin": "SFO",
		"destination": "PDX",
		"departs": "1:00 PM",
		"arrives": "2:00 PM"
	},
	"242": {
		"number": 242,
		"origin": "LAX",
		"destination": "DFW",
		"departs": "12:30 PM",
		"arrives": "5:30 PM"
	},
	"307": {
		"number": 307,
		"origin": "JFK",
		"destination": "IAH",
		"departs": "2:00 PM",
		"arrives": "4:30 PM"
	},
	"308": {
		"number": 308,
		"origin": "ATL",
		"destination": "JFK",
		"departs": "1:00 PM",
		"arrives": "4:00 PM"
	},
	"317": {
		"number": 317,
		"origin": "DFW",
		"destination": "JFK",
		"departs": "3:00 PM",
		"arrives": "7:00 PM"
	},
	"324": {
		"number": 324,
		"origin": "ORD",
		"destination": "LAX",
		"departs": "11:00 AM",
		"arrives": "12:00 PM"
	},
	"336": {
		"number": 336,
		"origin": "IAH",
		"destination": "LAX",
		"departs": "1:00 PM",
		"arrives": "2:00 PM"
	},
	"366": {
		"number": 366,
		"origin": "DFW",
		"destination": "MCI",
		"departs": "10:30 AM",
		"arrives": "12:00 PM"
	},
	"384": {
		"number": 384,
		"origin": "LAX",
		"destination": "LAS",
		"departs": "2:00 PM",
		"arrives": "3:00 PM"
	},
	"422": {
		"number": 422,
		"origin": "LAX",
		"destination": "MCI",
		"departs": "10:00 AM",
		"arrives": "3:00 PM"
	},
	"434": {
		"number": 434,
		"origin": "LAS",
		"destination": "JFK",
		"departs": "7:30 AM",
		"arrives": "3:30 PM"
	},
	"442": {
		"number": 442,
		"origin": "JFK",
		"destination": "LAS",
		"departs": "4:30 PM",
		"arrives": "6:30 PM"
	},
	"476": {
		"number": 476,
		"origin": "JFK",
		"destination": "ORD",
		"departs": "7:30 AM",
		"arrives": "9:00 AM"
	},
	"485": {
		"number": 485,
		"origin": "LAX",
		"destination": "PDX",
		"departs": "8:30 AM",
		"arrives": "10:30 AM"
	},
	"512": {
		"number": 512,
		"origin": "LAS",
		"destination": "LAX",
		"departs": "3:00 PM",
		"arrives": "4:00 PM"
	},
	"517": {
		"number": 517,
		"origin": "PDX",
		"destination": "LAX",
		"departs": "8:30 AM",
		"arrives": "10:30 AM"
	},
	"527": {
		"number": 527,
		"origin": "ORD",
		"destination": "IAH",
		"departs": "7:30 AM",
		"arrives": "10:00 AM"
	},
	"567": {
		"number": 567,
		"origin": "DFW",
		"destination": "DEN",
		"departs": "3:00 PM",
		"arrives": "4:00 PM"
	},
	"577": {
		"number": 577,
		"origin": "PHX",
		"destination": "LAX",
		"departs": "1:00 PM",
		"arrives": "1:30 PM"
	},
		"13": {
		"number": 13,
		"origin": "MKE",
		"destination": "LAX",
		"departs": "10:00 AM",
		"arrives": "12:00 PM"
	},
	"18": {
		"number": 18,
		"origin": "LAX",
		"destination": "PHX",
		"departs": "9:00 AM",
		"arrives": "9:30 AM"
	},
	"33": {
		"number": 33,
		"origin": "LAX",
		"destination": "DEN",
		"departs": "5:00 PM",
		"arrives": "8:30 PM"
	},
	"71": {
		"number": 71,
		"origin": "LAX",
		"destination": "ATL",
		"departs": "12:00 PM",
		"arrives": "7:00 PM"
	},
	"82": {
		"number": 82,
		"origin": "LAX",
		"destination": "IAH",
		"departs": "11:00 AM",
		"arrives": "4:30 PM"
	},
	"83": {
		"number": 83,
		"origin": "PHX",
		"destination": "SFO",
		"departs": "11:00 AM",
		"arrives": "12:30 PM"
	},
	"99": {
		"number": 99,
		"origin": "JFK",
		"destination": "DFW",
		"departs": "3:00 PM",
		"arrives": "5:00 PM"
	},
	"104": {
		"number": 104,
		"origin": "SFO",
		"destination": "LAX",
		"departs": "9:00 AM",
		"arrives": "10:00 AM"
	},
	"130": {
		"number": 130,
		"origin": "JFK",
		"destination": "LAX",
		"departs": "7:00 AM",
		"arrives": "9:00 AM"
	},
	"133": {
		"number": 133,
		"origin": "DFW",
		"destination": "SFO",
		"departs": "11:30 AM",
		"arrives": "12:30 PM"
	},
	"147": {
		"number": 147,
		"origin": "IAH",
		"destination": "ORD",
		"departs": "1:00 PM",
		"arrives": "3:30 PM"
	},
	"175": {
		"number": 175,
		"origin": "LAX",
		"destination": "SFO",
		"departs": "9:00 AM",
		"arrives": "10:00 AM"
	},
	"177": {
		"number": 177,
		"origin": "STL",
		"destination": "LAX",
		"departs": "4:00 PM",
		"arrives": "6:00 PM"
	},
	"182": {
		"number": 182,
		"origin": "SFO",
		"destination": "DFW",
		"departs": "10:00 AM",
		"arrives": "3:00 PM"
	},
	"206": {
		"number": 206,
		"origin": "STL",
		"destination": "MKE",
		"departs": "9:00 AM",
		"arrives": "11:00 AM"
	},
	"207": {
		"number": 207,
		"origin": "JFK",
		"destination": "PHX",
		"departs": "3:00 PM",
		"arrives": "4:30 PM"
	},
	"223": {
		"number": 223,
		"origin": "LAX",
		"destination": "JFK",
		"departs": "9:30 AM",
		"arrives": "5:30 PM"
	},
	"224": {
		"number": 224,
		"origin": "LAX",
		"destination": "BNA",
		"departs": "11:00 AM",
		"arrives": "4:30 PM"
	},
	"239": {
		"number": 239,
		"origin": "SFO",
		"destination": "PDX",
		"departs": "1:00 PM",
		"arrives": "2:00 PM"
	},
	"242": {
		"number": 242,
		"origin": "LAX",
		"destination": "DFW",
		"departs": "12:30 PM",
		"arrives": "5:30 PM"
	},
	"307": {
		"number": 307,
		"origin": "JFK",
		"destination": "IAH",
		"departs": "2:00 PM",
		"arrives": "4:30 PM"
	},
	"308": {
		"number": 308,
		"origin": "ATL",
		"destination": "JFK",
		"departs": "1:00 PM",
		"arrives": "4:00 PM"
	},
	"317": {
		"number": 317,
		"origin": "DFW",
		"destination": "JFK",
		"departs": "3:00 PM",
		"arrives": "7:00 PM"
	},
	"324": {
		"number": 324,
		"origin": "ORD",
		"destination": "LAX",
		"departs": "11:00 AM",
		"arrives": "12:00 PM"
	},
	"336": {
		"number": 336,
		"origin": "IAH",
		"destination": "LAX",
		"departs": "1:00 PM",
		"arrives": "2:00 PM"
	},
	"366": {
		"number": 366,
		"origin": "DFW",
		"destination": "MCI",
		"departs": "10:30 AM",
		"arrives": "12:00 PM"
	},
	"384": {
		"number": 384,
		"origin": "LAX",
		"destination": "LAS",
		"departs": "2:00 PM",
		"arrives": "3:00 PM"
	},
	"422": {
		"number": 422,
		"origin": "LAX",
		"destination": "MCI",
		"departs": "10:00 AM",
		"arrives": "3:00 PM"
	},
	"434": {
		"number": 434,
		"origin": "LAS",
		"destination": "JFK",
		"departs": "7:30 AM",
		"arrives": "3:30 PM"
	},
	"442": {
		"number": 442,
		"origin": "JFK",
		"destination": "LAS",
		"departs": "4:30 PM",
		"arrives": "6:30 PM"
	},
	"476": {
		"number": 476,
		"origin": "JFK",
		"destination": "ORD",
		"departs": "7:30 AM",
		"arrives": "9:00 AM"
	},
	"485": {
		"number": 485,
		"origin": "LAX",
		"destination": "PDX",
		"departs": "8:30 AM",
		"arrives": "10:30 AM"
	},
	"512": {
		"number": 512,
		"origin": "LAS",
		"destination": "LAX",
		"departs": "3:00 PM",
		"arrives": "4:00 PM"
	},
	"517": {
		"number": 517,
		"origin": "PDX",
		"destination": "LAX",
		"departs": "8:30 AM",
		"arrives": "10:30 AM"
	},
	"527": {
		"number": 527,
		"origin": "ORD",
		"destination": "IAH",
		"departs": "7:30 AM",
		"arrives": "10:00 AM"
	},
	"567": {
		"number": 567,
		"origin": "DFW",
		"destination": "DEN",
		"departs": "3:00 PM",
		"arrives": "4:00 PM"
	},
	"577": {
		"number": 577,
		"origin": "PHX",
		"destination": "LAX",
		"departs": "1:00 PM",
		"arrives": "1:30 PM"
	},
	"13": {
		"number": 13,
		"origin": "MKE",
		"destination": "LAX",
		"departs": "10:00 AM",
		"arrives": "12:00 PM"
	},
	"18": {
		"number": 18,
		"origin": "LAX",
		"destination": "PHX",
		"departs": "9:00 AM",
		"arrives": "9:30 AM"
	},
	"33": {
		"number": 33,
		"origin": "LAX",
		"destination": "DEN",
		"departs": "5:00 PM",
		"arrives": "8:30 PM"
	},
	"71": {
		"number": 71,
		"origin": "LAX",
		"destination": "ATL",
		"departs": "12:00 PM",
		"arrives": "7:00 PM"
	},
	"82": {
		"number": 82,
		"origin": "LAX",
		"destination": "IAH",
		"departs": "11:00 AM",
		"arrives": "4:30 PM"
	},
	"83": {
		"number": 83,
		"origin": "PHX",
		"destination": "SFO",
		"departs": "11:00 AM",
		"arrives": "12:30 PM"
	},
	"99": {
		"number": 99,
		"origin": "JFK",
		"destination": "DFW",
		"departs": "3:00 PM",
		"arrives": "5:00 PM"
	},
	"104": {
		"number": 104,
		"origin": "SFO",
		"destination": "LAX",
		"departs": "9:00 AM",
		"arrives": "10:00 AM"
	},
	"130": {
		"number": 130,
		"origin": "JFK",
		"destination": "LAX",
		"departs": "7:00 AM",
		"arrives": "9:00 AM"
	},
	"133": {
		"number": 133,
		"origin": "DFW",
		"destination": "SFO",
		"departs": "11:30 AM",
		"arrives": "12:30 PM"
	},
	"147": {
		"number": 147,
		"origin": "IAH",
		"destination": "ORD",
		"departs": "1:00 PM",
		"arrives": "3:30 PM"
	},
	"175": {
		"number": 175,
		"origin": "LAX",
		"destination": "SFO",
		"departs": "9:00 AM",
		"arrives": "10:00 AM"
	},
	"177": {
		"number": 177,
		"origin": "STL",
		"destination": "LAX",
		"departs": "4:00 PM",
		"arrives": "6:00 PM"
	},
	"182": {
		"number": 182,
		"origin": "SFO",
		"destination": "DFW",
		"departs": "10:00 AM",
		"arrives": "3:00 PM"
	},
	"206": {
		"number": 206,
		"origin": "STL",
		"destination": "MKE",
		"departs": "9:00 AM",
		"arrives": "11:00 AM"
	},
	"207": {
		"number": 207,
		"origin": "JFK",
		"destination": "PHX",
		"departs": "3:00 PM",
		"arrives": "4:30 PM"
	},
	"223": {
		"number": 223,
		"origin": "LAX",
		"destination": "JFK",
		"departs": "9:30 AM",
		"arrives": "5:30 PM"
	},
	"224": {
		"number": 224,
		"origin": "LAX",
		"destination": "BNA",
		"departs": "11:00 AM",
		"arrives": "4:30 PM"
	},
	"239": {
		"number": 239,
		"origin": "SFO",
		"destination": "PDX",
		"departs": "1:00 PM",
		"arrives": "2:00 PM"
	},
	"242": {
		"number": 242,
		"origin": "LAX",
		"destination": "DFW",
		"departs": "12:30 PM",
		"arrives": "5:30 PM"
	},
	"307": {
		"number": 307,
		"origin": "JFK",
		"destination": "IAH",
		"departs": "2:00 PM",
		"arrives": "4:30 PM"
	},
	"308": {
		"number": 308,
		"origin": "ATL",
		"destination": "JFK",
		"departs": "1:00 PM",
		"arrives": "4:00 PM"
	},
	"317": {
		"number": 317,
		"origin": "DFW",
		"destination": "JFK",
		"departs": "3:00 PM",
		"arrives": "7:00 PM"
	},
	"324": {
		"number": 324,
		"origin": "ORD",
		"destination": "LAX",
		"departs": "11:00 AM",
		"arrives": "12:00 PM"
	},
	"336": {
		"number": 336,
		"origin": "IAH",
		"destination": "LAX",
		"departs": "1:00 PM",
		"arrives": "2:00 PM"
	},
	"366": {
		"number": 366,
		"origin": "DFW",
		"destination": "MCI",
		"departs": "10:30 AM",
		"arrives": "12:00 PM"
	},
	"384": {
		"number": 384,
		"origin": "LAX",
		"destination": "LAS",
		"departs": "2:00 PM",
		"arrives": "3:00 PM"
	},
	"422": {
		"number": 422,
		"origin": "LAX",
		"destination": "MCI",
		"departs": "10:00 AM",
		"arrives": "3:00 PM"
	},
	"434": {
		"number": 434,
		"origin": "LAS",
		"destination": "JFK",
		"departs": "7:30 AM",
		"arrives": "3:30 PM"
	},
	"442": {
		"number": 442,
		"origin": "JFK",
		"destination": "LAS",
		"departs": "4:30 PM",
		"arrives": "6:30 PM"
	},
	"476": {
		"number": 476,
		"origin": "JFK",
		"destination": "ORD",
		"departs": "7:30 AM",
		"arrives": "9:00 AM"
	},
	"485": {
		"number": 485,
		"origin": "LAX",
		"destination": "PDX",
		"departs": "8:30 AM",
		"arrives": "10:30 AM"
	},
	"512": {
		"number": 512,
		"origin": "LAS",
		"destination": "LAX",
		"departs": "3:00 PM",
		"arrives": "4:00 PM"
	},
	"517": {
		"number": 517,
		"origin": "PDX",
		"destination": "LAX",
		"departs": "8:30 AM",
		"arrives": "10:30 AM"
	},
	"527": {
		"number": 527,
		"origin": "ORD",
		"destination": "IAH",
		"departs": "7:30 AM",
		"arrives": "10:00 AM"
	},
	"567": {
		"number": 567,
		"origin": "DFW",
		"destination": "DEN",
		"departs": "3:00 PM",
		"arrives": "4:00 PM"
	},
	"577": {
		"number": 577,
		"origin": "PHX",
		"destination": "LAX",
		"departs": "1:00 PM",
		"arrives": "1:30 PM"
	},
		"13": {
		"number": 13,
		"origin": "MKE",
		"destination": "LAX",
		"departs": "10:00 AM",
		"arrives": "12:00 PM"
	},
	"18": {
		"number": 18,
		"origin": "LAX",
		"destination": "PHX",
		"departs": "9:00 AM",
		"arrives": "9:30 AM"
	},
	"33": {
		"number": 33,
		"origin": "LAX",
		"destination": "DEN",
		"departs": "5:00 PM",
		"arrives": "8:30 PM"
	},
	"71": {
		"number": 71,
		"origin": "LAX",
		"destination": "ATL",
		"departs": "12:00 PM",
		"arrives": "7:00 PM"
	},
	"82": {
		"number": 82,
		"origin": "LAX",
		"destination": "IAH",
		"departs": "11:00 AM",
		"arrives": "4:30 PM"
	},
	"83": {
		"number": 83,
		"origin": "PHX",
		"destination": "SFO",
		"departs": "11:00 AM",
		"arrives": "12:30 PM"
	},
	"99": {
		"number": 99,
		"origin": "JFK",
		"destination": "DFW",
		"departs": "3:00 PM",
		"arrives": "5:00 PM"
	},
	"104": {
		"number": 104,
		"origin": "SFO",
		"destination": "LAX",
		"departs": "9:00 AM",
		"arrives": "10:00 AM"
	},
	"130": {
		"number": 130,
		"origin": "JFK",
		"destination": "LAX",
		"departs": "7:00 AM",
		"arrives": "9:00 AM"
	},
	"133": {
		"number": 133,
		"origin": "DFW",
		"destination": "SFO",
		"departs": "11:30 AM",
		"arrives": "12:30 PM"
	},
	"147": {
		"number": 147,
		"origin": "IAH",
		"destination": "ORD",
		"departs": "1:00 PM",
		"arrives": "3:30 PM"
	},
	"175": {
		"number": 175,
		"origin": "LAX",
		"destination": "SFO",
		"departs": "9:00 AM",
		"arrives": "10:00 AM"
	},
	"177": {
		"number": 177,
		"origin": "STL",
		"destination": "LAX",
		"departs": "4:00 PM",
		"arrives": "6:00 PM"
	},
	"182": {
		"number": 182,
		"origin": "SFO",
		"destination": "DFW",
		"departs": "10:00 AM",
		"arrives": "3:00 PM"
	},
	"206": {
		"number": 206,
		"origin": "STL",
		"destination": "MKE",
		"departs": "9:00 AM",
		"arrives": "11:00 AM"
	},
	"207": {
		"number": 207,
		"origin": "JFK",
		"destination": "PHX",
		"departs": "3:00 PM",
		"arrives": "4:30 PM"
	},
	"223": {
		"number": 223,
		"origin": "LAX",
		"destination": "JFK",
		"departs": "9:30 AM",
		"arrives": "5:30 PM"
	},
	"224": {
		"number": 224,
		"origin": "LAX",
		"destination": "BNA",
		"departs": "11:00 AM",
		"arrives": "4:30 PM"
	},
	"239": {
		"number": 239,
		"origin": "SFO",
		"destination": "PDX",
		"departs": "1:00 PM",
		"arrives": "2:00 PM"
	},
	"242": {
		"number": 242,
		"origin": "LAX",
		"destination": "DFW",
		"departs": "12:30 PM",
		"arrives": "5:30 PM"
	},
	"307": {
		"number": 307,
		"origin": "JFK",
		"destination": "IAH",
		"departs": "2:00 PM",
		"arrives": "4:30 PM"
	},
	"308": {
		"number": 308,
		"origin": "ATL",
		"destination": "JFK",
		"departs": "1:00 PM",
		"arrives": "4:00 PM"
	},
	"317": {
		"number": 317,
		"origin": "DFW",
		"destination": "JFK",
		"departs": "3:00 PM",
		"arrives": "7:00 PM"
	},
	"324": {
		"number": 324,
		"origin": "ORD",
		"destination": "LAX",
		"departs": "11:00 AM",
		"arrives": "12:00 PM"
	},
	"336": {
		"number": 336,
		"origin": "IAH",
		"destination": "LAX",
		"departs": "1:00 PM",
		"arrives": "2:00 PM"
	},
	"366": {
		"number": 366,
		"origin": "DFW",
		"destination": "MCI",
		"departs": "10:30 AM",
		"arrives": "12:00 PM"
	},
	"384": {
		"number": 384,
		"origin": "LAX",
		"destination": "LAS",
		"departs": "2:00 PM",
		"arrives": "3:00 PM"
	},
	"422": {
		"number": 422,
		"origin": "LAX",
		"destination": "MCI",
		"departs": "10:00 AM",
		"arrives": "3:00 PM"
	},
	"434": {
		"number": 434,
		"origin": "LAS",
		"destination": "JFK",
		"departs": "7:30 AM",
		"arrives": "3:30 PM"
	},
	"442": {
		"number": 442,
		"origin": "JFK",
		"destination": "LAS",
		"departs": "4:30 PM",
		"arrives": "6:30 PM"
	},
	"476": {
		"number": 476,
		"origin": "JFK",
		"destination": "ORD",
		"departs": "7:30 AM",
		"arrives": "9:00 AM"
	},
	"485": {
		"number": 485,
		"origin": "LAX",
		"destination": "PDX",
		"departs": "8:30 AM",
		"arrives": "10:30 AM"
	},
	"512": {
		"number": 512,
		"origin": "LAS",
		"destination": "LAX",
		"departs": "3:00 PM",
		"arrives": "4:00 PM"
	},
	"517": {
		"number": 517,
		"origin": "PDX",
		"destination": "LAX",
		"departs": "8:30 AM",
		"arrives": "10:30 AM"
	},
	"527": {
		"number": 527,
		"origin": "ORD",
		"destination": "IAH",
		"departs": "7:30 AM",
		"arrives": "10:00 AM"
	},
	"567": {
		"number": 567,
		"origin": "DFW",
		"destination": "DEN",
		"departs": "3:00 PM",
		"arrives": "4:00 PM"
	},
	"577": {
		"number": 577,
		"origin": "PHX",
		"destination": "LAX",
		"departs": "1:00 PM",
		"arrives": "1:30 PM"
	},
	"13": {
		"number": 13,
		"origin": "MKE",
		"destination": "LAX",
		"departs": "10:00 AM",
		"arrives": "12:00 PM"
	},
	"18": {
		"number": 18,
		"origin": "LAX",
		"destination": "PHX",
		"departs": "9:00 AM",
		"arrives": "9:30 AM"
	},
	"33": {
		"number": 33,
		"origin": "LAX",
		"destination": "DEN",
		"departs": "5:00 PM",
		"arrives": "8:30 PM"
	},
	"71": {
		"number": 71,
		"origin": "LAX",
		"destination": "ATL",
		"departs": "12:00 PM",
		"arrives": "7:00 PM"
	},
	"82": {
		"number": 82,
		"origin": "LAX",
		"destination": "IAH",
		"departs": "11:00 AM",
		"arrives": "4:30 PM"
	},
	"83": {
		"number": 83,
		"origin": "PHX",
		"destination": "SFO",
		"departs": "11:00 AM",
		"arrives": "12:30 PM"
	},
	"99": {
		"number": 99,
		"origin": "JFK",
		"destination": "DFW",
		"departs": "3:00 PM",
		"arrives": "5:00 PM"
	},
	"104": {
		"number": 104,
		"origin": "SFO",
		"destination": "LAX",
		"departs": "9:00 AM",
		"arrives": "10:00 AM"
	},
	"130": {
		"number": 130,
		"origin": "JFK",
		"destination": "LAX",
		"departs": "7:00 AM",
		"arrives": "9:00 AM"
	},
	"133": {
		"number": 133,
		"origin": "DFW",
		"destination": "SFO",
		"departs": "11:30 AM",
		"arrives": "12:30 PM"
	},
	"147": {
		"number": 147,
		"origin": "IAH",
		"destination": "ORD",
		"departs": "1:00 PM",
		"arrives": "3:30 PM"
	},
	"175": {
		"number": 175,
		"origin": "LAX",
		"destination": "SFO",
		"departs": "9:00 AM",
		"arrives": "10:00 AM"
	},
	"177": {
		"number": 177,
		"origin": "STL",
		"destination": "LAX",
		"departs": "4:00 PM",
		"arrives": "6:00 PM"
	},
	"182": {
		"number": 182,
		"origin": "SFO",
		"destination": "DFW",
		"departs": "10:00 AM",
		"arrives": "3:00 PM"
	},
	"206": {
		"number": 206,
		"origin": "STL",
		"destination": "MKE",
		"departs": "9:00 AM",
		"arrives": "11:00 AM"
	},
	"207": {
		"number": 207,
		"origin": "JFK",
		"destination": "PHX",
		"departs": "3:00 PM",
		"arrives": "4:30 PM"
	},
	"223": {
		"number": 223,
		"origin": "LAX",
		"destination": "JFK",
		"departs": "9:30 AM",
		"arrives": "5:30 PM"
	},
	"224": {
		"number": 224,
		"origin": "LAX",
		"destination": "BNA",
		"departs": "11:00 AM",
		"arrives": "4:30 PM"
	},
	"239": {
		"number": 239,
		"origin": "SFO",
		"destination": "PDX",
		"departs": "1:00 PM",
		"arrives": "2:00 PM"
	},
	"242": {
		"number": 242,
		"origin": "LAX",
		"destination": "DFW",
		"departs": "12:30 PM",
		"arrives": "5:30 PM"
	},
	"307": {
		"number": 307,
		"origin": "JFK",
		"destination": "IAH",
		"departs": "2:00 PM",
		"arrives": "4:30 PM"
	},
	"308": {
		"number": 308,
		"origin": "ATL",
		"destination": "JFK",
		"departs": "1:00 PM",
		"arrives": "4:00 PM"
	},
	"317": {
		"number": 317,
		"origin": "DFW",
		"destination": "JFK",
		"departs": "3:00 PM",
		"arrives": "7:00 PM"
	},
	"324": {
		"number": 324,
		"origin": "ORD",
		"destination": "LAX",
		"departs": "11:00 AM",
		"arrives": "12:00 PM"
	},
	"336": {
		"number": 336,
		"origin": "IAH",
		"destination": "LAX",
		"departs": "1:00 PM",
		"arrives": "2:00 PM"
	},
	"366": {
		"number": 366,
		"origin": "DFW",
		"destination": "MCI",
		"departs": "10:30 AM",
		"arrives": "12:00 PM"
	},
	"384": {
		"number": 384,
		"origin": "LAX",
		"destination": "LAS",
		"departs": "2:00 PM",
		"arrives": "3:00 PM"
	},
	"422": {
		"number": 422,
		"origin": "LAX",
		"destination": "MCI",
		"departs": "10:00 AM",
		"arrives": "3:00 PM"
	},
	"434": {
		"number": 434,
		"origin": "LAS",
		"destination": "JFK",
		"departs": "7:30 AM",
		"arrives": "3:30 PM"
	},
	"442": {
		"number": 442,
		"origin": "JFK",
		"destination": "LAS",
		"departs": "4:30 PM",
		"arrives": "6:30 PM"
	},
	"476": {
		"number": 476,
		"origin": "JFK",
		"destination": "ORD",
		"departs": "7:30 AM",
		"arrives": "9:00 AM"
	},
	"485": {
		"number": 485,
		"origin": "LAX",
		"destination": "PDX",
		"departs": "8:30 AM",
		"arrives": "10:30 AM"
	},
	"512": {
		"number": 512,
		"origin": "LAS",
		"destination": "LAX",
		"departs": "3:00 PM",
		"arrives": "4:00 PM"
	},
	"517": {
		"number": 517,
		"origin": "PDX",
		"destination": "LAX",
		"departs": "8:30 AM",
		"arrives": "10:30 AM"
	},
	"527": {
		"number": 527,
		"origin": "ORD",
		"destination": "IAH",
		"departs": "7:30 AM",
		"arrives": "10:00 AM"
	},
	"567": {
		"number": 567,
		"origin": "DFW",
		"destination": "DEN",
		"departs": "3:00 PM",
		"arrives": "4:00 PM"
	},
	"577": {
		"number": 577,
		"origin": "PHX",
		"destination": "LAX",
		"departs": "1:00 PM",
		"arrives": "1:30 PM"
	},
		"13": {
		"number": 13,
		"origin": "MKE",
		"destination": "LAX",
		"departs": "10:00 AM",
		"arrives": "12:00 PM"
	},
	"18": {
		"number": 18,
		"origin": "LAX",
		"destination": "PHX",
		"departs": "9:00 AM",
		"arrives": "9:30 AM"
	},
	"33": {
		"number": 33,
		"origin": "LAX",
		"destination": "DEN",
		"departs": "5:00 PM",
		"arrives": "8:30 PM"
	},
	"71": {
		"number": 71,
		"origin": "LAX",
		"destination": "ATL",
		"departs": "12:00 PM",
		"arrives": "7:00 PM"
	},
	"82": {
		"number": 82,
		"origin": "LAX",
		"destination": "IAH",
		"departs": "11:00 AM",
		"arrives": "4:30 PM"
	},
	"83": {
		"number": 83,
		"origin": "PHX",
		"destination": "SFO",
		"departs": "11:00 AM",
		"arrives": "12:30 PM"
	},
	"99": {
		"number": 99,
		"origin": "JFK",
		"destination": "DFW",
		"departs": "3:00 PM",
		"arrives": "5:00 PM"
	},
	"104": {
		"number": 104,
		"origin": "SFO",
		"destination": "LAX",
		"departs": "9:00 AM",
		"arrives": "10:00 AM"
	},
	"130": {
		"number": 130,
		"origin": "JFK",
		"destination": "LAX",
		"departs": "7:00 AM",
		"arrives": "9:00 AM"
	},
	"133": {
		"number": 133,
		"origin": "DFW",
		"destination": "SFO",
		"departs": "11:30 AM",
		"arrives": "12:30 PM"
	},
	"147": {
		"number": 147,
		"origin": "IAH",
		"destination": "ORD",
		"departs": "1:00 PM",
		"arrives": "3:30 PM"
	},
	"175": {
		"number": 175,
		"origin": "LAX",
		"destination": "SFO",
		"departs": "9:00 AM",
		"arrives": "10:00 AM"
	},
	"177": {
		"number": 177,
		"origin": "STL",
		"destination": "LAX",
		"departs": "4:00 PM",
		"arrives": "6:00 PM"
	},
	"182": {
		"number": 182,
		"origin": "SFO",
		"destination": "DFW",
		"departs": "10:00 AM",
		"arrives": "3:00 PM"
	},
	"206": {
		"number": 206,
		"origin": "STL",
		"destination": "MKE",
		"departs": "9:00 AM",
		"arrives": "11:00 AM"
	},
	"207": {
		"number": 207,
		"origin": "JFK",
		"destination": "PHX",
		"departs": "3:00 PM",
		"arrives": "4:30 PM"
	},
	"223": {
		"number": 223,
		"origin": "LAX",
		"destination": "JFK",
		"departs": "9:30 AM",
		"arrives": "5:30 PM"
	},
	"224": {
		"number": 224,
		"origin": "LAX",
		"destination": "BNA",
		"departs": "11:00 AM",
		"arrives": "4:30 PM"
	},
	"239": {
		"number": 239,
		"origin": "SFO",
		"destination": "PDX",
		"departs": "1:00 PM",
		"arrives": "2:00 PM"
	},
	"242": {
		"number": 242,
		"origin": "LAX",
		"destination": "DFW",
		"departs": "12:30 PM",
		"arrives": "5:30 PM"
	},
	"307": {
		"number": 307,
		"origin": "JFK",
		"destination": "IAH",
		"departs": "2:00 PM",
		"arrives": "4:30 PM"
	},
	"308": {
		"number": 308,
		"origin": "ATL",
		"destination": "JFK",
		"departs": "1:00 PM",
		"arrives": "4:00 PM"
	},
	"317": {
		"number": 317,
		"origin": "DFW",
		"destination": "JFK",
		"departs": "3:00 PM",
		"arrives": "7:00 PM"
	},
	"324": {
		"number": 324,
		"origin": "ORD",
		"destination": "LAX",
		"departs": "11:00 AM",
		"arrives": "12:00 PM"
	},
	"336": {
		"number": 336,
		"origin": "IAH",
		"destination": "LAX",
		"departs": "1:00 PM",
		"arrives": "2:00 PM"
	},
	"366": {
		"number": 366,
		"origin": "DFW",
		"destination": "MCI",
		"departs": "10:30 AM",
		"arrives": "12:00 PM"
	},
	"384": {
		"number": 384,
		"origin": "LAX",
		"destination": "LAS",
		"departs": "2:00 PM",
		"arrives": "3:00 PM"
	},
	"422": {
		"number": 422,
		"origin": "LAX",
		"destination": "MCI",
		"departs": "10:00 AM",
		"arrives": "3:00 PM"
	},
	"434": {
		"number": 434,
		"origin": "LAS",
		"destination": "JFK",
		"departs": "7:30 AM",
		"arrives": "3:30 PM"
	},
	"442": {
		"number": 442,
		"origin": "JFK",
		"destination": "LAS",
		"departs": "4:30 PM",
		"arrives": "6:30 PM"
	},
	"476": {
		"number": 476,
		"origin": "JFK",
		"destination": "ORD",
		"departs": "7:30 AM",
		"arrives": "9:00 AM"
	},
	"485": {
		"number": 485,
		"origin": "LAX",
		"destination": "PDX",
		"departs": "8:30 AM",
		"arrives": "10:30 AM"
	},
	"512": {
		"number": 512,
		"origin": "LAS",
		"destination": "LAX",
		"departs": "3:00 PM",
		"arrives": "4:00 PM"
	},
	"517": {
		"number": 517,
		"origin": "PDX",
		"destination": "LAX",
		"departs": "8:30 AM",
		"arrives": "10:30 AM"
	},
	"527": {
		"number": 527,
		"origin": "ORD",
		"destination": "IAH",
		"departs": "7:30 AM",
		"arrives": "10:00 AM"
	},
	"567": {
		"number": 567,
		"origin": "DFW",
		"destination": "DEN",
		"departs": "3:00 PM",
		"arrives": "4:00 PM"
	},
	"577": {
		"number": 577,
		"origin": "PHX",
		"destination": "LAX",
		"departs": "1:00 PM",
		"arrives": "1:30 PM"
	},
	"13": {
		"number": 13,
		"origin": "MKE",
		"destination": "LAX",
		"departs": "10:00 AM",
		"arrives": "12:00 PM"
	},
	"18": {
		"number": 18,
		"origin": "LAX",
		"destination": "PHX",
		"departs": "9:00 AM",
		"arrives": "9:30 AM"
	},
	"33": {
		"number": 33,
		"origin": "LAX",
		"destination": "DEN",
		"departs": "5:00 PM",
		"arrives": "8:30 PM"
	},
	"71": {
		"number": 71,
		"origin": "LAX",
		"destination": "ATL",
		"departs": "12:00 PM",
		"arrives": "7:00 PM"
	},
	"82": {
		"number": 82,
		"origin": "LAX",
		"destination": "IAH",
		"departs": "11:00 AM",
		"arrives": "4:30 PM"
	},
	"83": {
		"number": 83,
		"origin": "PHX",
		"destination": "SFO",
		"departs": "11:00 AM",
		"arrives": "12:30 PM"
	},
	"99": {
		"number": 99,
		"origin": "JFK",
		"destination": "DFW",
		"departs": "3:00 PM",
		"arrives": "5:00 PM"
	},
	"104": {
		"number": 104,
		"origin": "SFO",
		"destination": "LAX",
		"departs": "9:00 AM",
		"arrives": "10:00 AM"
	},
	"130": {
		"number": 130,
		"origin": "JFK",
		"destination": "LAX",
		"departs": "7:00 AM",
		"arrives": "9:00 AM"
	},
	"133": {
		"number": 133,
		"origin": "DFW",
		"destination": "SFO",
		"departs": "11:30 AM",
		"arrives": "12:30 PM"
	},
	"147": {
		"number": 147,
		"origin": "IAH",
		"destination": "ORD",
		"departs": "1:00 PM",
		"arrives": "3:30 PM"
	},
	"175": {
		"number": 175,
		"origin": "LAX",
		"destination": "SFO",
		"departs": "9:00 AM",
		"arrives": "10:00 AM"
	},
	"177": {
		"number": 177,
		"origin": "STL",
		"destination": "LAX",
		"departs": "4:00 PM",
		"arrives": "6:00 PM"
	},
	"182": {
		"number": 182,
		"origin": "SFO",
		"destination": "DFW",
		"departs": "10:00 AM",
		"arrives": "3:00 PM"
	},
	"206": {
		"number": 206,
		"origin": "STL",
		"destination": "MKE",
		"departs": "9:00 AM",
		"arrives": "11:00 AM"
	},
	"207": {
		"number": 207,
		"origin": "JFK",
		"destination": "PHX",
		"departs": "3:00 PM",
		"arrives": "4:30 PM"
	},
	"223": {
		"number": 223,
		"origin": "LAX",
		"destination": "JFK",
		"departs": "9:30 AM",
		"arrives": "5:30 PM"
	},
	"224": {
		"number": 224,
		"origin": "LAX",
		"destination": "BNA",
		"departs": "11:00 AM",
		"arrives": "4:30 PM"
	},
	"239": {
		"number": 239,
		"origin": "SFO",
		"destination": "PDX",
		"departs": "1:00 PM",
		"arrives": "2:00 PM"
	},
	"242": {
		"number": 242,
		"origin": "LAX",
		"destination": "DFW",
		"departs": "12:30 PM",
		"arrives": "5:30 PM"
	},
	"307": {
		"number": 307,
		"origin": "JFK",
		"destination": "IAH",
		"departs": "2:00 PM",
		"arrives": "4:30 PM"
	},
	"308": {
		"number": 308,
		"origin": "ATL",
		"destination": "JFK",
		"departs": "1:00 PM",
		"arrives": "4:00 PM"
	},
	"317": {
		"number": 317,
		"origin": "DFW",
		"destination": "JFK",
		"departs": "3:00 PM",
		"arrives": "7:00 PM"
	},
	"324": {
		"number": 324,
		"origin": "ORD",
		"destination": "LAX",
		"departs": "11:00 AM",
		"arrives": "12:00 PM"
	},
	"336": {
		"number": 336,
		"origin": "IAH",
		"destination": "LAX",
		"departs": "1:00 PM",
		"arrives": "2:00 PM"
	},
	"366": {
		"number": 366,
		"origin": "DFW",
		"destination": "MCI",
		"departs": "10:30 AM",
		"arrives": "12:00 PM"
	},
	"384": {
		"number": 384,
		"origin": "LAX",
		"destination": "LAS",
		"departs": "2:00 PM",
		"arrives": "3:00 PM"
	},
	"422": {
		"number": 422,
		"origin": "LAX",
		"destination": "MCI",
		"departs": "10:00 AM",
		"arrives": "3:00 PM"
	},
	"434": {
		"number": 434,
		"origin": "LAS",
		"destination": "JFK",
		"departs": "7:30 AM",
		"arrives": "3:30 PM"
	},
	"442": {
		"number": 442,
		"origin": "JFK",
		"destination": "LAS",
		"departs": "4:30 PM",
		"arrives": "6:30 PM"
	},
	"476": {
		"number": 476,
		"origin": "JFK",
		"destination": "ORD",
		"departs": "7:30 AM",
		"arrives": "9:00 AM"
	},
	"485": {
		"number": 485,
		"origin": "LAX",
		"destination": "PDX",
		"departs": "8:30 AM",
		"arrives": "10:30 AM"
	},
	"512": {
		"number": 512,
		"origin": "LAS",
		"destination": "LAX",
		"departs": "3:00 PM",
		"arrives": "4:00 PM"
	},
	"517": {
		"number": 517,
		"origin": "PDX",
		"destination": "LAX",
		"departs": "8:30 AM",
		"arrives": "10:30 AM"
	},
	"527": {
		"number": 527,
		"origin": "ORD",
		"destination": "IAH",
		"departs": "7:30 AM",
		"arrives": "10:00 AM"
	},
	"567": {
		"number": 567,
		"origin": "DFW",
		"destination": "DEN",
		"departs": "3:00 PM",
		"arrives": "4:00 PM"
	},
	"577": {
		"number": 577,
		"origin": "PHX",
		"destination": "LAX",
		"departs": "1:00 PM",
		"arrives": "1:30 PM"
	}
}